timestamp,time_sec,x,y,z,vx,vy,vz,ax,ay,az,roll,pitch,yaw,angular_x,angular_y,angular_z,voltage_v,remaining,motor_1,motor_2,motor_3,motor_4,label
1569664000,0.0,0.87192607,0.1258647,-2.466601,3.015862,0.059068806,0.14259218,5.7122297,-0.8433846,-1.0058181,-21.185292811731923,-20.90476663247425,39.46145700136818,0.54661524,0.32537985,-2.4702356,15.819628,0.8053732,0.8250018,0.8176972,0.76298356,0.7594633,1
1569764000,0.1,1.2291449,0.10817604,-2.4517608,3.5319917,-0.08899403,0.081628114,4.514412,-0.6148752,-0.55137366,-12.105778903796363,-22.351926102427605,22.308019081244275,0.6224201,0.45609945,-2.317735,15.813628,0.8020401,0.95386463,0.9421111,0.5703837,0.59060043,1
1569864000,0.2,1.6694549,0.073264584,-2.4433942,3.9940193,-0.19525269,0.023841532,3.7125883,-0.21857607,-0.6882362,-3.988915979725851,-21.096694640516045,7.776560298124539,0.49995452,0.568699,-1.9222039,15.813628,0.8020401,1.0,0.9914607,0.4214591,0.45589653,1
1569964000,0.3,2.1137009,0.037229087,-2.4412813,4.345043,-0.22400853,-0.0033869487,2.853615,0.16766894,-0.091644,1.602387281837963,-18.15629665306229,-2.525458718714284,0.28942147,0.6477862,-1.4129246,15.807629,0.79870796,1.0,0.99892855,0.3430212,0.39464968,1
1570064000,0.4,2.624421,0.0058189626,-2.4397473,4.6496515,-0.18958633,0.0055347374,2.197471,0.447232,0.0037327406,4.521560042617507,-14.627618100066737,-8.587137484373462,0.054750152,0.6283277,-0.88446885,15.807629,0.79870796,0.9898366,1.0,0.35880816,0.40990424,1
1570164000,0.5,3.114988,-0.009709124,-2.4374032,4.872763,-0.1193573,0.0018854274,1.7132751,0.5614408,-0.31931463,5.189158658208528,-11.401442613532039,-11.140409268031496,-0.14787668,0.52009594,-0.3895295,15.801629,0.7953758,0.9729321,0.99185944,0.4412091,0.47827664,1
1570264000,0.6,3.6596475,-0.0097856745,-2.4377494,5.054055,-0.030020649,-0.042583697,1.1932367,0.48085758,-0.38795683,4.29539328277083,-8.887394788066485,-11.037086418499229,-0.26287806,0.3877825,0.02979385,15.801629,0.7953758,0.8912947,0.9161086,0.5000409,0.5220398,1
1570364000,0.7,4.167437,0.0033465025,-2.4419436,5.159471,0.038779583,-0.051977236,0.7365167,0.27508008,0.04520034,2.6633080091667343,-7.062613638207197,-9.098356914135586,-0.2740555,0.26885664,0.3309104,15.7956295,0.79204273,0.81612056,0.8457945,0.5747202,0.5883364,1
1570464000,0.8,4.71664,0.025915923,-2.4471874,5.221059,0.08562283,-0.034343306,0.4192861,0.05921763,0.22439751,0.9997465436541921,-5.797916270972929,-6.109226092068774,-0.21475053,0.17275882,0.5065831,15.7956295,0.79204273,0.7559541,0.7868095,0.645528,0.6560542,1
1570564000,0.9,5.218877,0.049005076,-2.4504247,5.2449546,0.10284717,-0.014037544,0.2449345,-0.09930695,0.2057245,-0.30326377360996054,-4.939376749752325,-2.700101741182716,-0.13310258,0.102809675,0.5731216,15.78963,0.7887106,0.70400167,0.73410356,0.70885843,0.72057766,1
1570664000,1.0,5.7553754,0.07195743,-2.4524827,5.247304,0.09926061,0.00046394404,0.14611961,-0.20865194,0.13376212,-1.1266617622737498,-4.372059059682533,0.6430413145890747,-0.06096379,0.051841173,0.5508805,15.78963,0.7887106,0.6675754,0.695648,0.7528006,0.76610565,1
1570764000,1.1,6.244085,0.08922909,-2.453868,5.237696,0.08299833,0.006287874,0.09701406,-0.25538355,0.07026176,-1.5230148479551755,-4.04543934561072,3.571707339201027,-0.007181824,0.014154129,0.466599,15.78363,0.7853775,0.6440049,0.670448,0.77985615,0.79367024,1
1570864000,1.2,6.766795,0.102629736,-2.4555464,5.2209253,0.0596917,0.007611299,0.08087328,-0.25036278,0.042997763,-1.6140360276636454,-3.915972849106512,5.8621970778282835,0.022317737,-0.013228874,0.3453224,15.78363,0.7853775,0.63327765,0.65823805,0.7907152,0.8074497,1
1570964000,1.3,7.2444935,0.11032998,-2.4575982,5.2033324,0.037468866,0.0070675393,0.08301271,-0.21670848,0.035395376,-1.5208316283344194,-3.936690145716414,7.408958970934555,0.03682804,-0.029521268,0.2108091,15.777631,0.78204536,0.63412786,0.6571107,0.79134697,0.8075033,1
1571064000,1.4,7.759274,0.114836216,-2.45992,5.1864643,0.016362594,0.006757184,0.09918588,-0.18458045,0.028330365,-1.336437295380823,-4.055550629435971,8.205595536992293,0.03521402,-0.03377848,0.08059139,15.777631,0.78204536,0.64377964,0.66450584,0.782595,0.79959863,1
1571164000,1.5,8.233011,0.11620684,-2.461812,5.1743975,0.00047440862,0.007212794,0.11223801,-0.13699146,0.039465256,-1.1195872346077107,-4.2109159148167885,8.344289372692769,0.032111194,-0.03318195,-0.029498974,15.771631,0.7787123,0.6577026,0.6788021,0.7695191,0.7859452,1
1571264000,1.6,8.746035,0.11550566,-2.4636111,5.165544,-0.0133134285,0.008983949,0.12452143,-0.10435928,0.045413148,-0.8965750454118265,-4.358069509921305,7.943470023943182,0.026273567,-0.026338032,-0.11588057,15.771631,0.7787123,0.6753369,0.6954282,0.7536624,0.7704645,1
1571364000,1.7,9.219584,0.11336942,-2.4648066,5.160025,-0.023662247,0.011107949,0.14230186,-0.08112734,0.049968246,-0.6784020929190083,-4.469740483922597,7.147907810891296,0.022285247,-0.017920386,-0.17257896,15.765632,0.77538013,0.69273365,0.7128644,0.73816836,0.75412226,1
1571464000,1.8,9.7323265,0.10998689,-2.4656768,5.155111,-0.032297738,0.013143703,0.14199476,-0.058541235,0.03176182,-0.467495320105204,-4.544663920895396,6.112766565931418,0.017924028,-0.013512316,-0.199851,15.765632,0.77538013,0.7083234,0.72896427,0.7237768,0.7397424,1
1571564000,1.9,10.2066765,0.10636186,-2.4659567,5.152175,-0.038304754,0.014557248,0.13865675,-0.043640666,0.03362819,-0.27400057889218465,-4.592404004108581,4.984153639391653,0.013272817,-0.009849804,-0.20325461,15.759632,0.77204704,0.7212838,0.74209535,0.71169144,0.7280194,1
1571664000,2.0,10.722541,0.10252434,-2.46602,5.151537,-0.042376038,0.0154453665,0.1442191,-0.030114902,0.024646984,-0.1083622939220095,-4.619957603688288,3.8878763724035887,0.009737726,-0.0055110496,-0.18666983,15.759632,0.77204704,0.7305745,0.7515172,0.7030777,0.7193805,1
1571764000,2.1,11.200855,0.09936828,-2.4662127,5.152841,-0.044109087,0.015892088,0.13866277,-0.028033074,0.017143318,0.024248338009494354,-4.619305034745384,2.9205698683292782,0.004879295,-0.00057191687,-0.15814431,15.753633,0.76871395,0.7363152,0.75732917,0.6978797,0.7140355,1
1571864000,2.2,11.721405,0.09644126,-2.4663148,5.155841,-0.044573803,0.016063143,0.13446479,-0.0131729655,0.013201031,0.11967233298606553,-4.593442118825289,2.1425921037833167,0.002445044,0.004003726,-0.12017081,15.753633,0.76871395,0.7383587,0.75975806,0.6963675,0.7118168,1
1571964000,2.3,12.20471,0.09454029,-2.4704885,5.1671844,-0.042427003,-0.1348696,0.18003218,0.08828989,-2.8317938,1.2483628641931326,-3.350043533793706,1.5687825682636836,0.9274176,1.0347197,-0.10718919,15.747633,0.76538086,0.8928675,0.9125709,0.96301097,0.94300455,1
1572064000,2.4,12.728775,0.0976893,-2.5098639,5.0582175,0.07981119,-0.53636944,-2.144202,2.110857,-2.6317856,10.755630004660082,6.831665973392043,1.864679286615823,1.8485395,1.9583809,-0.16758057,15.747633,0.76538086,0.7033983,0.7268315,0.77262074,0.86584526,1
1572164000,2.5,13.192843,0.12243744,-2.5756001,4.77173,0.34862328,-0.6112377,-3.454507,3.1875193,0.40795326,20.083209862313442,16.285763267714458,3.285534031113576,1.2761345,1.3206217,-0.23904476,15.741633,0.76204777,0.6910423,0.7152822,0.7620446,0.8298368,1
1572264000,2.6,13.652105,0.19034775,-2.646606,4.343589,0.7465677,-0.519692,-4.4464135,4.137535,1.1436334,26.087498633188538,22.21525653273983,4.14114476364773,0.75817996,0.74756646,-0.2968008,15.741633,0.76204777,0.71943164,0.742188,0.7567653,0.8112853,1
1572364000,2.7,14.025113,0.30107272,-2.698688,3.8757582,1.1896814,-0.3852109,-4.8066993,4.5612917,1.6646105,29.215241504037934,25.716615083837198,3.859900878345493,0.35674244,0.3112885,-0.32141942,15.735634,0.7587147,0.75410897,0.7756383,0.7359482,0.77601206,1
1572464000,2.8,14.3687525,0.4800808,-2.7350678,3.338034,1.7134099,-0.20990583,-4.948453,4.8074307,1.6657681,29.66044063411282,27.172898198392254,2.3943158596069427,0.010879856,-0.053178575,-0.29347128,15.735634,0.7587147,0.7974368,0.81793576,0.7195434,0.74723,1
1572564000,2.9,14.631115,0.7018494,-2.750187,2.8372052,2.2172308,-0.064197764,-4.861187,4.8209324,1.3509792,28.184791696032743,26.933346001964274,0.24521940612411505,-0.22336026,-0.30188873,-0.21323939,15.729634,0.7553816,0.827935,0.8472785,0.70919496,0.71882015,1
1572664000,3.0,14.859954,1.0012192,-2.750627,2.3180435,2.7541509,0.055874065,-4.537827,4.548948,0.9109089,25.67760079379724,25.33520765321131,-1.910038580759858,-0.37298262,-0.46314073,-0.09896167,15.729634,0.7553816,0.84224904,0.8589332,0.7013298,0.7034998,1
1572764000,3.1,15.024714,1.3282943,-2.7406507,1.8790295,3.2173934,0.12831248,-4.0875306,4.1222553,0.52106375,22.7785678055725,22.721762909926714,-3.5587157840308192,-0.45778206,-0.55218965,0.02900619,15.723635,0.7520485,0.84003055,0.85398686,0.7046739,0.69520557,1
1572864000,3.2,15.160151,1.7300107,-2.7234259,1.4598556,3.662932,0.16873083,-3.5129464,3.5352452,0.1734956,19.873219062068145,19.48182041154174,-4.426592016705138,-0.49273443,-0.58346844,0.14947733,15.723635,0.7520485,0.8229632,0.83679813,0.71219486,0.698513,1
1572964000,3.3,15.253044,2.1350954,-2.7053413,1.1305562,4.0100455,0.17868336,-2.9577954,2.9496875,-0.043050848,17.131341423915092,16.00167188672714,-4.463719762186352,-0.48859793,-0.56386596,0.24621055,15.717635,0.7487154,0.7982575,0.8112059,0.72782195,0.70624745,1
1573064000,3.4,15.3269825,2.6013687,-2.6871881,0.8373819,4.3124833,0.16988744,-2.3791585,2.3317623,-0.17846188,14.63877612652203,12.625003938140573,-3.7870771534249497,-0.45283896,-0.5077672,0.30601925,15.717635,0.7487154,0.7693424,0.7817186,0.7424338,0.7192701,1
1573164000,3.5,15.377947,3.0491645,-2.672721,0.6226126,4.52777,0.15344991,-1.907318,1.819944,-0.2064076,12.448692448135764,9.602691059274486,-2.6201623956984013,-0.39233094,-0.42866245,0.32913944,15.711636,0.7453823,0.7411137,0.7546583,0.75862956,0.73187816,1
1573264000,3.6,15.420955,3.5449152,-2.659782,0.4434099,4.700528,0.13279304,-1.4668262,1.3630049,-0.183254,10.581584227612051,7.080035904730532,-1.2057547533875952,-0.32609874,-0.34429637,0.31575295,15.711636,0.7453823,0.71622723,0.7318328,0.7693405,0.7445338,1
1573364000,3.7,15.453489,4.007469,-2.650743,0.31940338,4.81378,0.114680074,-1.139454,1.0323324,-0.14958996,9.047212203680987,5.093001863613311,0.22420988862296332,-0.25416192,-0.2623175,0.27609536,15.705636,0.7420492,0.6985179,0.7143415,0.77805513,0.7525075,1
1573464000,3.8,15.48391,4.5100675,-2.643846,0.21955775,4.898013,0.098088525,-0.87500924,0.76838744,-0.095522955,7.837905224792145,3.596385649005908,1.4906999363903137,-0.18998381,-0.1958829,0.21682504,15.705636,0.7420492,0.6866189,0.703663,0.7804241,0.75784206,1
1573564000,3.9,15.510816,4.972369,-2.6394439,0.15385224,4.9484787,0.08548752,-0.6878373,0.6004265,-0.06752973,6.924670705460639,2.502756188279333,2.474576991262527,-0.13304879,-0.14306404,0.14899758,15.699636,0.7387161,0.6815579,0.698936,0.78024817,0.7576432,1
1573664000,4.0,15.540359,5.4709077,-2.6364284,0.1044904,4.9829893,0.07514542,-0.53521323,0.46694446,-0.020330304,6.272680921775137,1.729423329633222,3.1075273317962284,-0.0891392,-0.10194114,0.080519676,15.699636,0.7387161,0.6814738,0.6997883,0.7750934,0.75483173,1
1573764000,4.1,15.569157,5.928585,-2.635191,0.07464017,5.002503,0.068021625,-0.43433803,0.39127272,-0.0027627682,5.827088152459017,1.2034821285567685,3.3846588909605124,-0.05518821,-0.07135931,0.017155856,15.693637,0.73538303,0.68650645,0.70384794,0.7687455,0.7479567,1
1573864000,4.2,15.60333,6.422392,-2.6348457,0.0556639,5.0155277,0.062049106,-0.3632623,0.3303222,0.010013579,5.532560990031702,0.8610004545041279,3.3405486115953344,-0.03193856,-0.04706182,-0.035081662,15.693637,0.73538303,0.69340014,0.7109618,0.760108,0.73967576,1
1573964000,4.3,15.637219,6.8771667,-2.6354795,0.045859225,5.0234694,0.057938196,-0.31267864,0.30494648,0.026017426,5.3461823080935496,0.6633992541234546,3.043836897508964,-0.018114427,-0.02770642,-0.07173733,15.687637,0.73204994,0.7023103,0.71853757,0.7505615,0.7312932,1
1574064000,4.4,15.675276,7.3689575,-2.63731,0.040633272,5.028828,0.054699216,-0.27898997,0.28010818,0.040406823,5.2262791565675855,0.5689809616528007,2.5848795618356935,-0.008102243,-0.015638093,-0.09302009,15.687637,0.73204994,0.71034914,0.7270867,0.7422413,0.722714,1
1574164000,4.5,15.710805,7.8222365,-2.6389933,0.038554076,5.0316358,0.052169297,-0.2536474,0.26815042,0.044659708,5.1491965869306,0.5396008891316071,2.043757907179954,-0.003059519,-0.006776188,-0.101068415,15.681638,0.72871685,0.71816784,0.7339633,0.7356201,0.7149597,1
1574264000,4.6,15.748609,8.313995,-2.6397252,0.03762802,5.0345,0.0504222,-0.24283302,0.25575188,0.042006835,5.101919519232846,0.5478950742514053,1.497580428575688,-0.0003142964,-0.002149279,-0.09809031,15.681638,0.72871685,0.72393304,0.73991805,0.7301759,0.7096328,1
1574364000,4.7,15.783276,8.768687,-2.6393948,0.037329804,5.037333,0.049133793,-0.23817615,0.25034842,0.031169502,5.067479834365018,0.5743558416020567,0.9979113439274203,0.0014574904,0.0008191853,-0.08667999,15.675638,0.72538376,0.7285465,0.7433475,0.726738,0.7061887,1
1574464000,4.8,15.820256,9.263303,-2.6378999,0.03696936,5.041566,0.04801783,-0.22873813,0.24795604,0.026152002,5.037444012402709,0.6049515351987872,0.5851136896198254,0.0005976528,0.0026816828,-0.0672689,15.675638,0.72538376,0.7306348,0.74564993,0.7255514,0.7043678,1
1574564000,4.9,15.853809,9.721646,-2.635728,0.03662833,5.046095,0.047138125,-0.22597426,0.24188925,0.018827615,4.999814934909163,0.6313456365115825,0.27800555879137745,-0.00092975236,0.002350719,-0.0487114,15.669639,0.72205067,0.7311402,0.7463452,0.7252893,0.7045098,1
1574664000,5.0,15.88903,10.2200165,-2.6330085,0.03567364,5.0513473,0.045873705,-0.22110316,0.22960328,0.014995224,4.9542453801770545,0.654478621142343,0.08259191472117344,-0.004518563,0.0032400284,-0.028609894,15.669639,0.72205067,0.7305038,0.74547577,0.72679085,0.70567375,1
1574764000,5.1,15.919945,10.68212,-2.6301484,0.03364812,5.0565286,0.04458224,-0.22311999,0.21111731,0.007933936,4.902944263107897,0.6678466656546141,-0.011592826598203688,-0.0066053835,0.0028651876,-0.012562523,15.663639,0.7187176,0.729213,0.7435101,0.7287328,0.7076639,1
1574864000,5.2,15.952277,11.185099,-2.62708,0.031331435,5.062621,0.042770237,-0.21451503,0.20314376,-0.006341375,4.848169219375329,0.6666174499180243,-0.019919006914489282,-0.0067201825,0.0021381148,0.0028358055,15.663639,0.7187176,0.7266883,0.7413861,0.73101467,0.7100088,1
1574964000,5.3,15.980972,11.65176,-2.6284666,0.02649421,5.076037,-0.10230016,-0.33120796,0.2630111,-2.5407252,3.690091002598556,1.829930542809989,0.11958785413735545,-0.9563037,1.003777,0.009173124,15.6576395,0.7153845,0.98472923,0.9655972,0.90689284,0.8857681,1
1575064000,5.4,16.004784,12.15702,-2.6627655,-0.11181901,4.9790974,-0.49568242,-2.547692,-1.9067715,-2.878778,-6.008046879782597,11.706017450768066,0.14517386168245808,-1.8971226,1.912217,0.07522609,15.6576395,0.7153845,0.7853579,0.877361,0.72660553,0.7046735,1
1575164000,5.5,16.00217,12.603491,-2.7259297,-0.40129814,4.7046933,-0.5849788,-3.5789933,-3.2535808,0.35255075,-15.59868670937031,20.899109820317157,-0.87991834438548,-1.3067411,1.287909,0.17605685,15.65164,0.7120514,0.7647328,0.83529013,0.7186831,0.690284,1
1575264000,5.6,15.9548855,13.04513,-2.795627,-0.8109148,4.288006,-0.4964548,-4.444507,-4.280469,1.1401697,-21.6330867732932,26.744248254831543,-1.5416345516366283,-0.74116176,0.76622623,0.2521561,15.65164,0.7120514,0.7578523,0.814103,0.7446677,0.72222656,1
1575364000,5.7,15.8607645,13.403089,-2.8461719,-1.2548689,3.8273308,-0.3618618,-4.7920237,-4.707284,1.6735349,-24.52790995757343,30.327683909203923,-1.2848156838285905,-0.30928117,0.36021966,0.28925574,15.64564,0.7087183,0.7374126,0.7817781,0.776287,0.7582864,1
1575464000,5.8,15.698811,13.730321,-2.8798566,-1.7699442,3.2899091,-0.1873119,-4.980398,-4.9024005,1.6508479,-24.62668479125876,31.895134900909614,0.01756277381563353,0.03528483,-0.0013022888,0.27242032,15.64564,0.7087183,0.72328335,0.75577885,0.81618005,0.800433,1
1575564000,5.9,15.494181,13.977731,-2.8917441,-2.2577813,2.785194,-0.04370189,-4.949625,-4.830715,1.341537,-22.81327930384063,31.734351668414803,1.9154668565765145,0.25159365,-0.2593478,0.20518328,15.639641,0.7053852,0.71491385,0.7302836,0.8429475,0.8291415,1
1575664000,6.0,15.214733,14.187136,-2.8869543,-2.774557,2.2566867,0.07404717,-4.6993046,-4.50097,0.8999742,-20.070835909853553,30.177302877671416,3.775647787240122,0.3809998,-0.43966767,0.103364274,15.639641,0.7053852,0.708412,0.71625775,0.8537506,0.8402058,1
1575764000,6.1,14.907277,14.332226,-2.871223,-3.2203817,1.8088428,0.14496209,-4.2879963,-4.022966,0.5103666,-17.103067230029993,27.574952973486543,5.112798300923654,0.44361496,-0.54840446,-0.012707822,15.633641,0.7020521,0.7130604,0.7079952,0.8503031,0.8344503,1
1575864000,6.2,14.527589,14.445813,-2.847797,-3.6524963,1.3836106,0.18364042,-3.739366,-3.4164505,0.16413675,-14.286432873850174,24.321089831457567,5.7002297367336565,0.46289423,-0.59484154,-0.12237347,15.633641,0.7020521,0.71942466,0.71099085,0.8334101,0.8163684,1
1575964000,6.3,14.140668,14.51848,-2.824541,-3.9961417,1.0535032,0.19270484,-3.1739657,-2.826446,-0.059874725,-11.765288154727124,20.806874374260897,5.536123952069016,0.44923174,-0.59007543,-0.2084512,15.627642,0.698719,0.7348617,0.7158087,0.80983925,0.7911738,1
1576064000,6.4,13.6893835,14.571466,-2.8005934,-4.305077,0.7636275,0.18426979,-2.5548954,-2.2296298,-0.18498766,-9.561787866197315,17.377170743415096,4.758856696437257,0.41523698,-0.5422018,-0.26400343,15.627642,0.698719,0.7474153,0.7270211,0.7828994,0.7627348,1
1576164000,6.5,13.250488,14.603942,-2.7808275,-4.5333047,0.5543741,0.1681996,-2.036454,-1.7488979,-0.21756206,-7.660395394818562,14.283156074905229,3.5884816992544617,0.3649933,-0.47053084,-0.2847229,15.621642,0.69538593,0.76227796,0.7365421,0.7566778,0.73782736,1
1576264000,6.6,12.758114,14.627257,-2.762382,-4.7246137,0.38104922,0.14799805,-1.5710733,-1.324013,-0.20411004,-6.043052346806776,11.666916773690765,2.256630223427524,0.3072704,-0.3852329,-0.27353776,15.621642,0.69538593,0.7714328,0.746391,0.7350128,0.7158399,1
1576364000,6.7,12.293846,14.641591,-2.748083,-4.856118,0.26105392,0.13004233,-1.210143,-1.0027586,-0.18144025,-4.688743049104268,9.573084394189953,0.9724267561746032,0.25136584,-0.30151036,-0.23755012,15.615643,0.69205284,0.77867824,0.75179285,0.7190629,0.7009057,1
1576464000,6.8,11.785662,14.653227,-2.7356825,-4.957893,0.1658817,0.11352545,-0.90010774,-0.7437036,-0.1315493,-3.5729089073696874,7.97436673704126,-0.11048513512712316,0.19897458,-0.2241457,-0.18578643,15.615643,0.69205284,0.7799885,0.754547,0.70936,0.6917094,1
1576564000,6.9,11.313957,14.662945,-2.7270865,-5.0229816,0.10303721,0.10066695,-0.6945297,-0.5616261,-0.089073546,-2.674018687561015,6.803788135680742,-0.8995576920541656,0.15115632,-0.16101661,-0.12897213,15.609643,0.68871975,0.77806413,0.7531533,0.7050172,0.68911505,1
1576664000,7.0,10.802005,14.674125,-2.7196903,-5.0703416,0.056083415,0.08998371,-0.52937526,-0.41954973,-0.05327258,-1.9712146634184209,5.978629861146624,-1.3677536313338206,0.110259995,-0.11116107,-0.07178422,15.609643,0.68871975,0.77293295,0.74881846,0.70630074,0.690382,1
1576764000,7.1,10.329517,14.68649,-2.7138162,-5.0994086,0.028237363,0.08244042,-0.4334105,-0.31643078,-0.021222977,-1.4408230763716936,5.412650328926736,-1.5344928309310495,0.07580905,-0.075039245,-0.020284608,15.603643,0.68538666,0.7658581,0.7420663,0.7101912,0.69577307,1
1576864000,7.2,9.818338,14.702402,-2.7090201,-5.119479,0.010033919,0.07562898,-0.3522153,-0.24850567,-0.013192183,-1.060260761862687,5.027889121820113,-1.455487347057086,0.04937711,-0.04936757,0.01890584,15.603643,0.68538666,0.7575186,0.7346298,0.7167634,0.70177686,1
1576964000,7.3,9.347321,14.719894,-2.706029,-5.1308017,0.0013306029,0.070546076,-0.29532298,-0.20400274,0.0036559065,-0.8010881370535173,4.77046001386021,-1.1966305798920112,0.026803546,-0.032151785,0.045532536,15.597644,0.68205357,0.74929637,0.7271251,0.72347057,0.7089555,1
1577064000,7.4,8.837701,14.741639,-2.70372,-5.1384997,-0.00230915,0.066348106,-0.25680393,-0.18045221,0.009018927,-0.6400892508559004,4.598817187732701,-0.8292777448844675,0.010765977,-0.019823544,0.059174515,15.597644,0.68205357,0.7424277,0.7201371,0.7299614,0.7156333,1
1577164000,7.5,8.36757,14.763477,-2.7021012,-5.142632,-0.0026697651,0.06303208,-0.23498806,-0.1584191,0.011328607,-0.5515150452484998,4.481913997648858,-0.41782663636413886,-0.00043807062,-0.012687274,0.063530006,15.591644,0.6787205,0.7366388,0.71453667,0.73530656,0.72130173,1
1577264000,7.6,7.858683,14.789165,-2.7008557,-5.145348,-0.0011117512,0.059775975,-0.21915841,-0.15233323,0.0121705225,-0.512054508914767,4.4002637326958896,-0.021896612453649655,-0.006438438,-0.0065095425,0.056411337,15.591644,0.6787205,0.73269284,0.7104943,0.73974985,0.7248189,1
1577364000,7.7,7.388608,14.813773,-2.699203,-5.14708,0.000770612,0.05754822,-0.21567607,-0.15141627,0.007634982,-0.5080062381921415,4.342527485112759,0.32076975921709616,-0.009196619,-0.004676945,0.045349333,15.585645,0.6753874,0.73020166,0.7083853,0.7423626,0.72744215,1
1577464000,7.8,6.8778996,14.840252,-2.6969795,-5.149377,0.0016483027,0.055634037,-0.19673106,-0.1603037,0.010810326,-0.5240318147524895,4.294479912229673,0.5814948579074667,-0.010281252,-0.004421682,0.03076816,15.585645,0.6753874,0.72954476,0.70777285,0.7438754,0.7282257,1
1577564000,7.9,6.40525,14.864425,-2.6947007,-5.1516395,0.001647205,0.053974982,-0.18016662,-0.1628733,0.012723262,-0.5451245098672632,4.250111434742913,0.7482696094130901,-0.008972246,-0.0036182124,0.014012462,15.579645,0.6720543,0.7302986,0.70811635,0.7437473,0.728036,1
1577664000,8.0,5.8915358,14.889296,-2.692493,-5.154343,0.0003720796,0.051813036,-0.17307872,-0.16292723,0.0077225263,-0.5648014195484796,4.201731056353704,0.8241345135772514,-0.0066871517,-0.004754582,-0.0008201431,15.579645,0.6720543,0.7317758,0.7093776,0.7426748,0.7266637,1
1577764000,8.1,5.416098,14.911188,-2.6913257,-5.156582,-0.001512428,0.049465273,-0.15978849,-0.1689335,-0.0032186506,-0.577574692117566,4.150842683094548,0.82235237972858,-0.004404379,-0.006360861,-0.012436255,15.573646,0.6687212,0.733261,0.711285,0.7403918,0.7253129,1
1577864000,8.2,4.89935,14.933456,-2.6910086,-5.1591754,-0.00448531,0.04699603,-0.14947851,-0.16516142,-0.0036200506,-0.5824884634999778,4.098534044316393,0.7582902717864942,-0.0017876138,-0.0061865104,-0.0216931,15.573646,0.6687212,0.7350927,0.713432,0.73845077,0.7230518,1
1577964000,8.3,4.420378,14.952608,-2.693644,-5.167378,-0.008696117,-0.08140446,-0.23011059,-0.22579254,-2.8040948,-1.24649879262877,3.271039013746933,0.6446083842645414,-0.69013584,-0.79709935,-0.04658903,15.567646,0.6653881,0.90242004,0.8773532,0.9550155,1.0,1
1578064000,8.4,3.9020467,14.96852,-2.7273288,-5.070698,-0.11780324,-0.47011435,1.9858395,-2.185297,-3.275932,-10.000754312947656,-6.403120931412973,1.06431212718364,-1.8157468,-1.9701403,-0.14928107,15.567646,0.6653881,0.72483027,0.6992365,0.89428306,0.8061812,1
1578164000,8.5,3.4423842,14.962276,-2.790772,-4.79041,-0.38019934,-0.58882296,3.3456094,-3.282496,0.15689059,-19.337789044999113,-16.134518765456477,2.4612388336033346,-1.2967018,-1.3694372,-0.25190195,15.561646,0.662055,0.7048195,0.67863387,0.8432247,0.7744542,1
1578264000,8.6,2.9848864,14.915776,-2.862195,-4.374559,-0.76449746,-0.5092602,4.2895722,-4.192451,1.1026118,-25.396016110321433,-22.368734182459683,3.255973377360034,-0.7764366,-0.78151304,-0.3310096,15.561646,0.662055,0.7400514,0.7180402,0.82342714,0.7693631,1
1578364000,8.7,2.5957508,14.820493,-2.9171271,-3.897499,-1.2147076,-0.37994534,4.7226706,-4.6850133,1.5778997,-28.61521251346158,-26.289937505215242,2.856616150483572,-0.38631132,-0.34702986,-0.3653512,15.555647,0.6587219,0.77464753,0.75315815,0.7811572,0.7411465,1
1578464000,8.8,2.2517455,14.662537,-2.954731,-3.3696158,-1.7232143,-0.21156593,4.860753,-4.910148,1.6096377,-29.000544394633636,-27.998907178352564,1.273274228901119,-0.05199506,0.024240213,-0.3408269,15.555647,0.6587219,0.8200527,0.7984932,0.74699175,0.7210071,1
1578564000,8.9,1.9878709,14.461398,-2.9702325,-2.8764365,-2.2086112,-0.06963271,4.7830253,-4.899851,1.3186451,-27.528225444856226,-27.99817028753802,-0.9668982417590782,0.16851723,0.28338522,-0.25949663,15.549647,0.65538883,0.8513556,0.8318574,0.7170185,0.7069491,1
1578664000,9.0,1.7568266,14.185129,-2.9699278,-2.3622832,-2.7255213,0.048663277,4.4715915,-4.6456656,0.91434824,-25.126548493141364,-26.593774129411905,-3.179273538114927,0.30279034,0.45214322,-0.1377779,15.549647,0.65538883,0.86470634,0.84636134,0.69962627,0.69723505,1
1578764000,9.1,1.5901678,13.87847,-2.959095,-1.9248971,-3.1740232,0.122086145,4.0287075,-4.241342,0.54244787,-22.441376246166875,-24.115134528214597,-4.854768648597877,0.38141814,0.55169946,-0.00075263303,15.543648,0.65205574,0.85894316,0.8455152,0.6889932,0.7010492,1
1578864000,9.2,1.4523882,13.497698,-2.9406033,-1.5067658,-3.6108825,0.16602406,3.4572349,-3.6985807,0.21735205,-19.82214326737726,-20.937612398003576,-5.734348703959059,0.41996393,0.5877846,0.13103515,15.543648,0.65205574,0.8406132,0.8292646,0.6938287,0.7071136,1
1578964000,9.3,1.3576679,13.10878,-2.9209433,-1.1783062,-3.9594984,0.1808323,2.9060848,-3.1424963,0.00627106,-17.392341769825485,-17.471996127017317,-5.785252130787855,0.42976364,0.57386553,0.23494202,15.537648,0.64872265,0.8143511,0.8047718,0.70173985,0.7237831,1
1579064000,9.4,1.2814931,12.655152,-2.899797,-0.88678426,-4.2752266,0.17865653,2.3327117,-2.5614274,-0.12277252,-15.166253469243971,-14.065702270410295,-5.1365359209962875,0.41647434,0.5187892,0.30388367,15.537648,0.64872265,0.78714097,0.77631617,0.7147996,0.7399015,1
1579164000,9.5,1.2289127,12.214105,-2.8820057,-0.6731105,-4.510894,0.16732416,1.869078,-2.0688949,-0.17195055,-13.132543371571883,-10.987148693820751,-4.0019777840353195,0.3864349,0.44171166,0.33216473,15.531649,0.64538956,0.75797015,0.7473554,0.7295567,0.75679386,1
1579264000,9.6,1.1852018,11.718267,-2.8656983,-0.49433807,-4.7125688,0.1507988,1.4300694,-1.6035817,-0.17855595,-11.299482684794983,-8.394768927804776,-2.6201903823375567,0.3410724,0.35376018,0.32572314,15.531649,0.64538956,0.73506516,0.7222195,0.7431101,0.7682672,1
1579364000,9.7,1.1529311,11.249103,-2.8532252,-0.36896494,-4.8557196,0.13513121,1.1187905,-1.260593,-0.16064057,-9.680967951450086,-6.337263349832079,-1.2103483250494813,0.2916981,0.2719827,0.28886554,15.525649,0.64205647,0.7179965,0.70397556,0.75127155,0.7779097,1
1579464000,9.8,1.1225467,10.733603,-2.842361,-0.2679592,-4.9712477,0.119639724,0.8496148,-0.94464004,-0.12644799,-8.28864639092739,-4.779728291896827,0.047317230161324636,0.23908469,0.20275898,0.23341529,15.525649,0.64205647,0.7077522,0.6912708,0.7566077,0.78099424,1
1579564000,9.9,1.0962478,10.253778,-2.8345356,-0.19979262,-5.0481496,0.10747887,0.6798291,-0.7214859,-0.08417805,-7.140244311038334,-3.6411318748936483,1.0383116192258897,0.18589807,0.14797989,0.1687837,15.5196495,0.6387234,0.7032423,0.6857046,0.7568696,0.78096133,1
1579664000,10.0,1.0677834,9.731698,-2.8279948,-0.14729765,-5.1070232,0.09719962,0.5247103,-0.53870654,-0.054040454,-6.227804232789733,-2.8327665665308124,1.7048133368260778,0.14216004,0.10619351,0.10198969,15.5196495,0.6387234,0.70346916,0.6855668,0.75380033,0.7767995,1
1579764000,10.1,1.0397056,9.248857,-2.823327,-0.11446738,-5.1446443,0.08924054,0.4321081,-0.42393318,-0.03896793,-5.529399967791,-2.273106821310837,2.041939233905241,0.104331076,0.07252809,0.041421164,15.51365,0.6353903,0.7071063,0.68976194,0.7474909,0.7705047,1
1579864000,10.2,1.0075268,8.725319,-2.819518,-0.09084018,-5.1716127,0.08212731,0.35668966,-0.31850198,-0.021441372,-5.007664826942546,-1.9008296977786843,2.0834366260933166,0.07374909,0.048888717,-0.008682065,15.51365,0.6353903,0.7134761,0.6960508,0.7394315,0.762346,1
1579964000,10.3,0.976677,8.243294,-2.816639,-0.076200314,-5.1865325,0.07698494,0.30987492,-0.25155243,-0.0053304243,-4.627882081280153,-1.6634869872228066,1.8944757875024303,0.050926283,0.031075895,-0.04639823,15.50765,0.6320572,0.7209427,0.70382994,0.73154706,0.75346583,1
1580064000,10.4,0.9414261,7.723072,-2.8136244,-0.0665476,-5.194432,0.07240899,0.26102513,-0.20303148,0.0027581116,-4.362799584099428,-1.5157195518055988,1.552932487096922,0.032299533,0.020198995,-0.06870475,15.50765,0.6320572,0.7283145,0.71150935,0.7239041,0.745338,1
1580164000,10.5,0.9079845,7.243731,-2.8109722,-0.061180267,-5.1974254,0.06868354,0.24287562,-0.17190045,0.0010752118,-4.188299071320102,-1.4308688638126648,1.1316894666392336,0.018601682,0.010233764,-0.079167284,15.501651,0.6287241,0.7347393,0.71826315,0.7170137,0.73877966,1
1580264000,10.6,0.8706484,6.725294,-2.808497,-0.057831742,-5.1978264,0.06538386,0.22481444,-0.15266427,0.011320691,-4.0785532719202084,-1.3911564586979377,0.6934869269038051,0.010229425,0.0036177386,-0.07897339,15.501651,0.6287241,0.73958,0.7238175,0.7122392,0.7331155,1
1580364000,10.7,0.8353207,6.2470903,-2.806685,-0.056431476,-5.196533,0.062243097,0.21961863,-0.13282545,0.0057071443,-4.009827234213748,-1.3761116204748691,0.29093405462906574,0.004783938,-0.00022078757,-0.0691637,15.495651,0.625391,0.74287134,0.7274626,0.7080491,0.7303365,1
1580464000,10.8,0.7980201,5.729484,-2.805019,-0.054991275,-5.1945996,0.0591462,0.21460767,-0.12817763,0.008626374,-3.9673723859971988,-1.3812368289206225,-0.03940042650110826,0.0008044679,-0.0034142423,-0.054787815,15.495651,0.625391,0.74430436,0.7296869,0.7061753,0.7285553,1
1580564000,10.9,0.76479733,5.2524953,-2.8040905,-0.053141277,-5.191588,0.05646387,0.1995298,-0.12210724,0.020771286,-3.939412218259012,-1.3920885414655915,-0.27950426131930595,-0.0010661886,-0.0045902045,-0.03832303,15.489652,0.6220579,0.74518484,0.72963375,0.70544046,0.72864693,1
1580664000,11.0,0.7302969,4.7363896,-2.8035035,-0.050553087,-5.1881423,0.05366986,0.20500687,-0.1176526,0.010532326,-3.9225034354745665,-1.3986240077213044,-0.4231827008550732,-0.0018004954,-0.003959025,-0.023009518,15.489652,0.6220579,0.7441235,0.72918004,0.70647216,0.7289734,1
1580764000,11.1,0.6996786,4.2604117,-2.8035822,-0.047990277,-5.184681,0.05087914,0.20363803,-0.12110414,0.0037234274,-3.9152279562473495,-1.3977280120977964,-0.4804014633034312,-0.0023367952,-0.0041641505,-0.007580847,15.483652,0.6187248,0.74279153,0.7274178,0.70807976,0.7301274,1
1580864000,11.2,0.66763735,3.744658,-2.8038664,-0.04483421,-5.180959,0.04839107,0.20070136,-0.11296104,0.0076838764,-3.9122026740657065,-1.3904885459672753,-0.4605903376891835,-0.0017624461,-0.004032421,0.0035470324,15.483652,0.6187248,0.740617,0.72552055,0.7100537,0.73240316,1
1580964000,11.3,0.63916016,3.268041,-2.806632,-0.038757462,-5.1836486,-0.084809996,0.29653826,-0.2572898,-4.033798,-3.1084238988588564,-1.3766075787760288,-0.3870785249815654,0.7621849,-0.000629417,0.012554229,15.477653,0.6153908,0.86173284,0.88406026,0.8750128,0.8559025,1
1581064000,11.4,0.6099877,2.7535064,-2.842657,-0.027067697,-5.067871,-0.42434868,0.23603898,2.2691226,-1.5992647,9.225675797898665,-1.2938445447553337,-0.26408630633878744,2.5332086,0.020205889,0.018653033,15.477653,0.6153908,0.77811587,0.6997192,0.6938742,0.77930146,1
1581164000,11.5,0.5844328,2.3009994,-2.8969345,-0.024345407,-4.7441206,-0.43941945,0.15620425,3.888019,0.8351146,21.43894489426659,-1.2109906866836826,-0.10598499269307621,1.6943903,0.013064754,0.01850166,15.471653,0.61205864,0.74525857,0.677421,0.67490315,0.7499155,1
1581264000,11.6,0.55752546,1.8582098,-2.9488196,-0.026473336,-4.2646832,-0.30701467,0.13301893,4.83383,1.5525309,28.092241828328532,-1.2125187203740162,0.0283013105967769,0.76758796,-0.0011895734,0.016091816,15.471653,0.61205864,0.7460456,0.6972605,0.6964191,0.75214195,1
1581364000,11.7,0.53319645,1.5061169,-2.9799113,-0.029210523,-3.7503028,-0.16225892,0.12683707,5.2881126,1.4998316,30.41767003854083,-1.2654239921379082,0.11405020709492936,0.14086416,-0.01214025,0.011687305,15.465653,0.6087246,0.7513593,0.7200516,0.7211587,0.7571692,1
1581464000,11.8,0.5088087,1.1904943,-2.9949722,-0.030420471,-3.161114,-0.025999222,0.14168651,5.3466034,1.1754408,29.940798334803915,-1.3246953645986108,0.16562430076177187,-0.25282162,-0.014014499,0.008424591,15.465653,0.6087246,0.7589749,0.7359444,0.73847497,0.76412404,1
1581564000,11.9,0.5035003,1.1275061,-2.9961019,-0.030273266,-3.0249882,0.00033390496,0.15020789,5.3018064,1.0786074,27.762238963433774,-1.3684472190038641,0.19942085271015944,-0.48439392,-0.010832363,0.0042901738,15.459654,0.60539246,0.7594916,0.7475956,0.74997735,0.76515865,1
