window_index,flight_id,actual_label,reconstruction_error,predicted_label
0,1,0,0.041219674,0
1,1,0,0.016574472,0
2,1,0,0.02216905,0
3,1,0,0.020509552,0
4,1,0,0.013827286,0
5,1,0,0.036991976,0
6,1,0,0.08172715,0
7,1,0,0.11156356,0
8,1,0,0.1423,0
9,1,0,0.19576801,0
10,1,0,0.15290609,0
11,1,0,0.1519529,0
12,1,0,0.13741545,0
13,1,0,0.09408691,0
14,1,0,0.10509993,0
15,1,0,0.054928984,0
16,1,0,0.013012911,0
17,1,0,0.009630401,0
18,1,0,0.010618256,0
19,1,0,0.011240991,0
20,1,0,0.013394905,0
21,1,0,0.5485301,1
22,1,0,0.084761456,0
23,1,0,0.07437686,0
24,1,0,0.06445827,0
25,1,0,0.085295044,0
26,1,0,0.39109543,0
27,1,0,0.25636244,0
28,1,0,0.0809443,0
29,1,0,0.035387564,0
30,1,0,0.013729877,0
31,1,0,0.030463971,0
32,1,0,0.02145904,0
33,1,0,0.021847801,0
34,1,0,0.04455051,0
35,1,0,0.011769244,0
36,1,0,0.018533146,0
37,1,0,0.0068286466,0
38,1,0,0.00549951,0
39,1,0,0.0041036247,0
40,1,0,0.00371629,0
41,1,0,0.003223864,0
42,1,0,0.0032021084,0
43,1,0,0.002831107,0
44,1,0,0.0028859498,0
45,1,0,0.0029131405,0
46,1,0,0.0023185122,0
47,1,0,0.0027948886,0
48,1,0,0.0026287697,0
49,1,0,0.0026446353,0
50,1,0,0.003443154,0
51,1,0,0.04858979,0
52,1,0,0.041636266,0
53,1,0,0.033631485,0
54,1,0,0.042761907,0
55,1,0,0.021384757,0
56,1,0,0.018815126,0
57,1,0,0.00963241,0
58,1,0,0.0083251465,0
59,1,0,0.010375961,0
60,1,0,0.018559488,0
61,1,0,0.03720252,0
62,1,0,0.03840841,0
63,1,0,0.030901596,0
64,1,0,0.034322347,0
65,1,0,0.046412904,0
66,1,0,0.027064918,0
67,1,0,0.007894884,0
68,1,0,0.0070067276,0
69,1,0,0.005240108,0
70,1,0,0.0037156318,0
71,1,0,0.0028180543,0
72,1,0,0.0029186641,0
73,1,0,0.0032893051,0
74,1,0,0.0029383563,0
75,1,0,0.0027707943,0
76,1,0,0.0030187482,0
77,1,0,0.0028183742,0
78,1,0,0.0030908585,0
79,1,0,0.0031618401,0
80,1,0,0.0035684472,0
81,1,0,0.054016095,0
82,1,0,0.026160663,0
83,1,0,0.021079553,0
84,1,0,0.027162112,0
85,1,0,0.038761884,0
86,1,0,0.027408022,0
87,1,0,0.014146187,0
88,1,0,0.012636507,0
89,1,0,0.011143929,0
90,1,0,0.012047006,0
91,1,0,0.044299353,0
92,1,0,0.04607415,0
93,1,0,0.041664787,0
94,1,0,0.03715041,0
95,1,0,0.02595342,0
96,1,0,0.022246497,0
97,1,0,0.005881346,0
98,1,0,0.0036160282,0
99,1,0,0.003560165,0
100,1,0,0.0033248365,0
101,1,0,0.0031269765,0
102,1,0,0.0030625027,0
103,1,0,0.0029082764,0
104,1,0,0.0028967364,0
105,1,0,0.0029309578,0
106,1,0,0.0026630743,0
107,1,0,0.0031790282,0
108,1,0,0.0036274232,0
109,1,0,0.0035510967,0
110,1,0,0.0037133077,0
111,1,0,0.035959948,0
112,1,0,0.035071585,0
113,1,0,0.027746068,0
114,1,0,0.034508947,0
115,1,0,0.020576973,0
116,1,0,0.02351967,0
117,1,0,0.011844101,0
118,1,0,0.012973618,0
119,1,0,0.01271523,0
120,1,0,0.015121056,0
121,1,0,0.07508102,0
122,1,0,0.028198957,0
123,1,0,0.030704094,0
124,1,0,0.025780533,0
125,1,0,0.028611692,0
126,1,0,0.021296829,0
127,1,0,0.004905219,0
128,1,0,0.0047514304,0
129,1,0,0.0046628607,0
130,1,0,0.0045130993,0
131,1,0,0.005810435,0
132,1,0,0.005690385,0
133,1,0,0.0047299936,0
134,1,0,0.0042940136,0
135,1,0,0.004162211,0
136,1,0,0.004391914,0
137,1,0,0.0045550233,0
138,1,0,0.0046946905,0
139,1,0,0.004491907,0
140,1,0,0.0046126484,0
141,1,0,0.0487176,0
142,1,0,0.16924977,0
143,1,0,0.1581167,0
144,1,0,0.16282977,0
145,1,0,0.18025914,0
146,1,0,0.03567258,0
147,1,0,0.013707994,0
148,1,0,0.015400966,0
149,1,0,0.04532543,0
150,1,0,0.09064066,0
151,1,0,0.05662835,0
152,1,0,0.07522962,0
153,1,0,0.03855828,0
154,1,0,0.024859384,0
155,1,0,0.034142688,0
156,1,0,0.08719682,0
157,2,0,0.038483366,0
158,2,0,0.015906313,0
159,2,0,0.017233938,0
160,2,0,0.016488073,0
161,2,0,0.01048658,0
162,2,0,0.032020614,0
163,2,0,0.07947844,0
164,2,0,0.07217444,0
165,2,0,0.12087541,0
166,2,0,0.15142222,0
167,2,0,0.13423158,0
168,2,0,0.12067968,0
169,2,0,0.13198145,0
170,2,0,0.1060432,0
171,2,0,0.11613509,0
172,2,0,0.051801637,0
173,2,0,0.016039856,0
174,2,0,0.011230475,0
175,2,0,0.01142791,0
176,2,0,0.011757898,0
177,2,0,0.012434752,0
178,2,0,0.14391458,0
179,2,0,0.06553002,0
180,2,0,0.096115604,0
181,2,0,0.031948064,0
182,2,0,0.056619212,0
183,2,0,0.032103453,0
184,2,0,0.0138588725,0
185,2,0,0.01164314,0
186,2,0,0.01038632,0
187,2,0,0.011089879,0
188,2,0,0.026187811,0
189,2,0,0.019255804,0
190,2,0,0.017107818,0
191,2,0,0.046802446,0
192,2,0,0.012813941,0
193,2,0,0.017599342,0
194,2,0,0.0053855535,0
195,2,0,0.004581328,0
196,2,0,0.004324215,0
197,2,0,0.0037887555,0
198,2,0,0.0032796122,0
199,2,0,0.0030821688,0
200,2,0,0.0032024498,0
201,2,0,0.0033144252,0
202,2,0,0.0032167798,0
203,2,0,0.0031330057,0
204,2,0,0.0033603145,0
205,2,0,0.0034642776,0
206,2,0,0.0036552902,0
207,2,0,0.004218785,0
208,2,0,0.04378395,0
209,2,0,0.032294035,0
210,2,0,0.026114132,0
211,2,0,0.035950594,0
212,2,0,0.02238502,0
213,2,0,0.017484616,0
214,2,0,0.008879524,0
215,2,0,0.0098994,0
216,2,0,0.012560701,0
217,2,0,0.020880662,0
218,2,0,0.03435134,0
219,2,0,0.033553097,0
220,2,0,0.029519042,0
221,2,0,0.031942006,0
222,2,0,0.046760105,0
223,2,0,0.023241738,0
224,2,0,0.005339215,0
225,2,0,0.004068403,0
226,2,0,0.003276918,0
227,2,0,0.0031597235,0
228,2,0,0.0029301802,0
229,2,0,0.0026484777,0
230,2,0,0.0029854926,0
231,2,0,0.00340519,0
232,2,0,0.0034146688,0
233,2,0,0.003527916,0
234,2,0,0.003478681,0
235,2,0,0.0031155797,0
236,2,0,0.0031815001,0
237,2,0,0.0031068283,0
238,2,0,0.05504895,0
239,2,0,0.025793916,0
240,2,0,0.02112315,0
241,2,0,0.030412601,0
242,2,0,0.040777624,0
243,2,0,0.02706443,0
244,2,0,0.01431147,0
245,2,0,0.011649883,0
246,2,0,0.009924136,0
247,2,0,0.012252592,0
248,2,0,0.03634181,0
249,2,0,0.039612785,0
250,2,0,0.035902385,0
251,2,0,0.029495334,0
252,2,0,0.024748143,0
253,2,0,0.021148348,0
254,2,0,0.0058532814,0
255,2,0,0.003912564,0
256,2,0,0.0035407138,0
257,2,0,0.0032604756,0
258,2,0,0.0033444858,0
259,2,0,0.0032840488,0
260,2,0,0.002888927,0
261,2,0,0.0029160506,0
262,2,0,0.0034111477,0
263,2,0,0.0029484297,0
264,2,0,0.0029308512,0
265,2,0,0.002823569,0
266,2,0,0.0029857783,0
267,2,0,0.002831411,0
268,2,0,0.05878708,0
269,2,0,0.057834793,0
270,2,0,0.050406877,0
271,2,0,0.050701667,0
272,2,0,0.022783713,0
273,2,0,0.025604762,0
274,2,0,0.010507606,0
275,2,0,0.011931262,0
276,2,0,0.012939879,0
277,2,0,0.018327264,0
278,2,0,0.075786166,0
279,2,0,0.028390354,0
280,2,0,0.031369727,0
281,2,0,0.027982792,0
282,2,0,0.028575858,0
283,2,0,0.022120485,0
284,2,0,0.0045039,0
285,2,0,0.0040045283,0
286,2,0,0.004621943,0
287,2,0,0.004829711,0
288,2,0,0.0044525815,0
289,2,0,0.0040618614,0
290,2,0,0.0046626595,0
291,2,0,0.004868966,0
292,2,0,0.0041526053,0
293,2,0,0.0046130694,0
294,2,0,0.0048854714,0
295,2,0,0.0052746716,0
296,2,0,0.0058374195,0
297,2,0,0.0056127794,0
298,2,0,0.05823454,0
299,2,0,0.17085059,0
300,2,0,0.16130835,0
301,2,0,0.1630767,0
302,2,0,0.17381303,0
303,2,0,0.039282225,0
304,2,0,0.015098718,0
305,2,0,0.018045703,0
306,2,0,0.051421247,0
307,2,0,0.06313961,0
308,2,0,0.04641238,0
309,2,0,0.059755526,0
310,2,0,0.028781332,0
311,2,0,0.024639755,0
312,2,0,0.033645187,0
313,2,0,0.090430394,0
314,3,1,18137.066,1
315,3,1,7780.396,1
316,3,1,2582.0647,1
317,3,1,1177.437,1
318,3,1,1134.6976,1
319,3,1,1104.4109,1
320,3,1,2105.7908,1
321,3,1,21371.445,1
322,3,1,40103.742,1
323,3,1,54892.953,1
324,3,1,66212.66,1
325,3,1,47742.355,1
326,3,1,27503.51,1
327,3,1,13645.776,1
328,3,1,4810.124,1
329,3,1,2401.1538,1
330,3,1,1747.6609,1
331,3,1,1554.4125,1
332,3,1,2634.1123,1
333,3,1,24363.639,1
334,3,1,43156.434,1
335,3,1,57687.977,1
336,3,1,63909.914,1
337,3,1,45096.105,1
338,3,1,27701.652,1
339,3,1,9852.417,1
340,3,1,4594.722,1
341,3,1,1824.5563,1
342,3,1,1350.652,1
343,3,1,1146.229,1
344,3,1,1931.7915,1
345,3,1,12739.904,1
346,3,1,42870.438,1
347,3,1,59071.83,1
348,3,1,70626.32,1
349,3,1,61647.08,1
350,3,1,33948.44,1
351,3,1,17907.13,1
352,3,1,6582.6133,1
353,3,1,2452.6594,1
354,3,1,1761.6973,1
355,3,1,1312.6711,1
356,3,1,1653.656,1
357,3,1,9312.156,1
358,3,1,25004.443,1
359,3,1,24471.498,1
360,3,1,23581.086,1
361,3,1,15279.805,1
362,3,0,0.026686512,0
363,3,0,0.036292326,0
364,3,0,0.025692325,0
365,3,0,0.012078421,0
366,3,0,0.011784853,0
367,3,0,0.012907008,0
368,3,0,0.017201012,0
369,3,0,0.051536083,0
370,3,0,0.034259375,0
371,3,0,0.03914752,0
372,3,0,0.06226734,0
373,3,0,0.011008018,0
374,3,0,0.01842423,0
375,3,0,0.008169298,0
376,3,0,0.006890209,0
377,3,0,0.005771303,0
378,3,0,0.0048640994,0
379,3,0,0.0046472624,0
380,3,0,0.004485216,0
381,3,0,0.0040092445,0
382,3,0,0.003964788,0
383,3,0,0.004055924,0
384,3,0,0.0046277004,0
385,3,0,0.45319697,0
386,3,0,0.5014977,0
387,3,0,0.48562077,0
388,3,0,0.59838927,1
389,3,0,0.59515965,1
390,3,0,0.09387594,0
391,3,0,0.03896688,0
392,3,0,0.028245607,0
393,3,0,0.026341334,0
394,3,0,0.04909863,0
395,3,0,0.055877596,0
396,3,0,0.050801832,0
397,3,0,0.04512186,0
398,3,0,0.053630542,0
399,3,0,0.22564474,0
400,3,0,0.14246911,0
401,3,0,0.173606,0
402,3,0,0.07772375,0
403,3,0,0.28852364,0
404,3,0,0.051632717,0
405,3,0,0.006720937,0
406,3,0,0.0050225654,0
407,3,0,0.004753686,0
408,3,0,0.0030276417,0
409,3,0,0.0034216563,0
410,3,0,0.0031018634,0
411,3,0,0.002975682,0
412,3,0,0.0030535862,0
413,3,0,0.0029779854,0
414,3,0,0.0031378816,0
415,3,0,0.0042893644,0
416,3,0,0.0057497662,0
417,3,0,0.0052670143,0
418,3,0,0.0039833,0
419,3,0,0.0039624455,0
420,3,0,0.0042514745,0
421,3,0,0.004486288,0
422,3,0,0.004760835,0
423,3,0,0.0045491825,0
424,3,0,0.0042271633,0
425,3,0,0.006872441,0
426,3,0,0.0060613463,0
427,3,0,0.0056088357,0
428,3,0,0.0038020452,0
429,3,0,0.0039388738,0
430,3,0,0.0059970515,0
431,3,0,0.008670614,0
432,3,0,0.00959083,0
433,3,0,0.0080595985,0
434,3,0,0.011126099,0
435,3,0,0.011004303,0
436,3,0,0.008457689,0
437,3,0,0.008110017,0
438,3,0,0.008135145,0
439,3,0,0.0074753636,0
440,3,0,0.0044968976,0
441,3,0,0.00506158,0
442,3,0,0.004899238,0
443,3,0,0.0038980597,0
444,3,0,0.0043018027,0
445,3,0,0.004141629,0
446,3,0,0.004463038,0
447,3,0,0.004417305,0
448,3,0,0.004218953,0
449,3,0,0.0046680877,0
450,3,0,0.005833501,0
451,3,0,0.0074403924,0
452,3,0,0.0074004037,0
453,3,0,0.005627138,0
454,3,0,0.006226816,0
455,3,0,0.0057340073,0
456,3,0,0.0048528807,0
457,3,0,0.0042174137,0
458,3,0,0.0051361737,0
459,3,0,0.0051572924,0
460,3,0,0.0040284055,0
461,3,0,0.003938389,0
462,3,0,0.0035905011,0
463,3,0,0.0030735747,0
464,3,0,0.0028248874,0
465,3,0,0.0032074952,0
466,3,0,0.0024966407,0
467,3,0,0.0027008278,0
468,3,0,0.0037278454,0
469,3,0,0.0065881023,0
470,3,0,0.008525091,0
471,3,0,0.0071956455,0
472,3,0,0.008773432,0
473,3,0,0.009519716,0
474,3,0,0.006581512,0
475,3,0,0.005420939,0
476,3,0,0.0051037245,0
477,3,0,0.006290983,0
478,3,0,0.004781622,0
479,3,0,0.07004828,0
480,3,0,0.7124388,1
481,3,0,0.88985276,1
482,3,0,0.6757651,1
483,3,0,0.8534633,1
484,3,0,0.5933831,1
485,3,0,0.5483156,1
486,3,0,0.6312038,1
487,3,0,0.6849664,1
488,3,0,0.65836805,1
489,3,0,0.65545,1
490,3,0,0.6695954,1
491,3,0,0.67711204,1
492,3,0,0.656883,1
493,3,0,0.64069444,1
494,3,0,0.6121906,1
495,3,0,0.5372275,1
496,3,0,0.4737777,0
497,3,0,0.41967636,0
498,3,0,0.35983968,0
499,3,0,0.300561,0
500,3,0,0.2555446,0
501,3,0,0.20952752,0
502,3,0,0.19179517,0
503,3,0,0.165891,0
504,3,0,0.1553026,0
505,3,0,0.15420145,0
506,3,0,0.14801873,0
507,3,0,0.14402816,0
508,3,0,0.14383209,0
509,3,0,0.1361431,0
510,3,0,0.1297071,0
511,3,0,0.13666737,0
512,3,0,0.14178815,0
513,3,0,0.13696016,0
514,3,0,0.13519096,0
515,3,0,0.42101243,0
516,3,0,0.72694474,1
517,3,0,0.7240741,1
518,3,0,0.7649138,1
519,3,0,0.5323396,0
520,3,0,0.3491987,0
521,3,0,0.3659136,0
522,3,0,0.3692446,0
523,3,0,0.42671025,0
